{
  "best_model": "random_forest",
  "test_metrics": {
    "r2": 0.44920760530217607,
    "mae": 14.563853811118054,
    "rmse": 19.529706686143825
  },
  "best_params": {
    "max_depth": 5,
    "min_samples_leaf": 1,
    "n_estimators": 200
  }
}