,LinearRegression,RandomForest,PermutationImportance,Mean
Mw,0.8377293625653683,0.76726111575256,1.0,0.8683301594393095
HLB,0.21614253232520197,1.0,0.9941540447636054,0.7367655256962692
EO,1.0,0.4168147318099979,0.4812127934547703,0.6326758417549228
C#,0.3750368833070276,0.5945985906834748,0.8508774428033482,0.6068376389312835
Conc,0.444966067869685,0.9447930659440825,0.08061179172523839,0.49012364184633533
pH,0.0,0.0,2.835759203144426e-16,9.452530677148086e-17
