,LinearRegression,RandomForest,PermutationImportance,Mean
pH,0.4334124454727312,1.0,1.0,0.8111374818242437
Mw,0.8782073513056049,0.49059324906848095,0.019942344582281713,0.4629143149854558
EO,1.0,0.30403849189423715,0.02183719718788585,0.44195856302737435
Conc,0.35476202921192423,0.6471695096145088,0.19591417164178762,0.3992819034894069
C#,0.3796271663470385,0.47244020016850335,0.05562886356164484,0.3025654100257289
HLB,0.23546877753144793,0.5927584512221947,0.048853401117207214,0.29236020995694995
