{
  "val": {
    "r2": 0.8129864813590449,
    "mae": 12.606883835449004,
    "rmse": 15.938778177665753
  },
  "test": {
    "r2": 0.44920760530217596,
    "mae": 14.563853811118054,
    "rmse": 19.52970668614383
  }
}